图像提示词,图片位置,图片层级,图片编号,上层图片,知识点,显示方式
英国古堡大门,gallery/1.png,1,1,无,英语,固定
"老旧扶手椅上坐着一位官僚，胸前贴着姓名“DYH""",gallery/1.1.png,2,1.1,1,Clumsy bureaucracy  institutionalized by constitution causes systemic dysfunction and leads the country into the mire.,悬浮
现代化豪宅大门，带大屏对话功能，密码锁键盘，铭牌写“科学工具”,gallery/2.png,1,2,无,科学工具,固定
无,gallery/2.1.png,2,2.1,2,Focus on the Graphic,悬浮
,gallery/1.2.png,2,1.2,1,I can't account for the substantial expense in this project but will take into account audit for all spending.,悬浮
,gallery/1.3.png,2,2.2,1,Reputable gentleman from prestigious colleage can't absolve him from sins.,悬浮
,gallery/1.4.png,2,3.2,1,"When the terrified solider got equilibrium, the officer debriefed him. The trepidation of failure is instilled in him. It entails losing motiation of fight.",悬浮
,gallery/1.5.png,2,4.2,1,Two subordinate officers clash in the meeting. Savage indigenous population act as disobedience or rebellion. I defy the commander to make judgement.,悬浮
,gallery/1.6.png,2,5.2,1,Partisans are imparted invincible beliefs in 10 consecutive years and have instincts of  satirizing hypocrisy,悬浮
